"Effect","DFn","DFd","SSn","SSd","F","p","significance","ges"
"(Intercept)",1,16,72.657471707819,1.32195216049383,879.396079575854,2.05785272742186e-15,"***",0.935628639633157
"group",1,16,0.154385288065844,1.32195216049383,1.86857337419135,0.190539034361812,"ns",0.0299589483797711
"comparison",5,80,0.924318415637861,1.65605709876543,8.9303047951854,9.00564850955494e-07,"***",0.156051543146216
"script",1,16,0.297325102880659,0.984182098765433,4.83366000261336,0.0429663194892456,"*",0.056139669281014
"group:comparison",5,80,0.216756687242799,1.65605709876543,2.09419530188313,0.0746286397242726,"ns",0.0415593061531444
"group:script",1,16,0.124485596707819,0.984182098765433,2.02378152358553,0.174056958166899,"ns",0.0242977986395241
"comparison:script",5,80,0.179140946502058,1.0366512345679,2.76491750403176,0.0235080625251152,"*",0.0345966620305981
"group:comparison:script",5,80,0.209233539094651,1.0366512345679,3.22937600793947,0.010458438373149,"*",0.0401748234480716
