"Effect","DFn","DFd","SSn","SSd","F","p","significance","ges"
"(Intercept)",1,16,41.1252893518519,1.88686342592593,348.729335991412,2.7474713550839e-12,"***",0.930169700063482
"group",1,16,0.000803755144032915,1.88686342592593,0.0068155872480362,0.935228134315632,"ns",0.000260267555046586
"comparison",5,80,0.560860339506173,1.20052083333333,7.47489354864626,8.47547830845103e-06,"***",0.153734302709848
"group:comparison",5,80,0.145222479423869,1.20052083333333,1.93545968238666,0.0975462551427643,"ns",0.0449242642744191
