"Effect","DFn","DFd","SSn","SSd","F","p","significance","ges"
"(Intercept)",1,16,31.8295074588478,0.419270833333334,1214.66145234261,1.61240473588954e-16,"***",0.943349033186943
"group",1,16,0.27806712962963,0.419270833333334,10.6114561766736,0.004942146177565,"**",0.126998810625083
"comparison",5,80,0.542599022633745,1.4921875,5.81802512227178,0.00012402123024208,"***",0.221102828470739
"group:comparison",5,80,0.280767746913581,1.4921875,3.01053584125138,0.015323513322739,"*",0.128074266355757
